{
  "file_name": "AI_Cerberus_-_Atonal_SFX_-_Lawless.wav",
  "category": "fx",
  "mood": "chill",
  "features": {
    "duration": 15.402020833333333,
    "sample_rate": 48000,
    "energy_mean": 0.04876061901450157,
    "energy_std": 0.06778647750616074,
    "energy_max": 0.3493332266807556,
    "energy_dynamic_range": 7.162780250479988,
    "avg_centroid": 957.5774672491136,
    "avg_bandwidth": 1800.2030054835705,
    "avg_contrast": 15.384020577504169,
    "avg_flatness": 0.0005973611259832978,
    "avg_rolloff": 1899.3626644736842,
    "tempo": 125.0,
    "onset_rate": 2.2075025328115765,
    "mfcc1": -408.28515625,
    "mfcc2": 79.25979614257812,
    "mfcc3": 23.022764205932617,
    "mfcc4": 27.545116424560547,
    "mfcc5": 13.452420234680176,
    "attack_time": 0.03,
    "has_transient": true,
    "is_sustained": false,
    "avg_zcr": 0.011514848619286703,
    "harmonic_percussive_ratio": 11.201630592346191,
    "brightness": 0.039899061135379735,
    "roughness": -14.384020577504169,
    "sub_bass_ratio": 0.010322188958525658,
    "bass_ratio": 0.036513689905405045,
    "low_mid_ratio": 0.03697116672992706,
    "mid_ratio": 0.14671306312084198,
    "upper_mid_ratio": 0.3005971610546112,
    "high_ratio": 0.46363070607185364
  },
  "mood_details": {
    "energy_value": 1.35,
    "energy": "chill",
    "brightness_value": 1.34,
    "brightness": "dark",
    "texture_value": -15.44,
    "texture": "smooth",
    "overall_mood": [
      "chill",
      "dark",
      "sad"
    ]
  }
}